https://www.youtube.com/watch?v=HJigew8ZAko,1,lily Mi
https://www.youtube.com/watch?v=NzIBVnNL-ko,458,Chen 1
https://www.youtube.com/watch?v=iJqUGBxi8O4,80,纽约Hattie
https://www.youtube.com/watch?v=GMLUZJFPdIM,266,Amy Hu
https://www.youtube.com/watch?v=B73_iTFwNQM,14,yuval
https://www.youtube.com/watch?v=8KHzmKa5Yls,254,jiang shan
https://www.youtube.com/watch?v=OoZulvYwrC0,67,Yao Hu
https://www.youtube.com/watch?v=hysAq9T0D84,22,Earth Watch全球聚焦
https://www.youtube.com/watch?v=BoYAHihhOPU,26,sky sea
https://www.youtube.com/watch?v=7yuXCviLrDc,9,jusy music just me
https://www.youtube.com/watch?v=nr1CoCAdumg,32,觉悟之路
https://www.youtube.com/watch?v=KhvUNQkADv0,10,xiao guo liu
https://www.youtube.com/watch?v=P0PxKe0BjsA,3,Shanshui Jiang
https://www.youtube.com/watch?v=GU7sBs80qtQ,13,Laurie Lei
https://www.youtube.com/watch?v=0cZhZ8Fv4DM,18,乐山乐水
https://www.youtube.com/watch?v=gj4cE3K9hjk,17,Colin Liu
https://www.youtube.com/watch?v=x4YPCZo7wtI,138,Sunny G
https://www.youtube.com/watch?v=wjwoziYa-cs,29,Philip Song
https://www.youtube.com/watch?v=HBdH8hfjU1c,4,Yi Zhao